SequenceID	Genotype
ref_KP234050	A
ref_KP234051	A
ref_KP234053	A
ref_KP234052	A
ref_EF473977	B
ref_GQ924651	B
ref_GQ924621	B
ref_GQ924624	B
ref_GQ924640	B
ref_GQ924645	B
ref_HM011496	B
ref_GQ358146	B
ref_GQ358147	B
ref_AP011094	B
ref_KM999990	C
ref_AF533983	C
ref_AP011100	C
ref_KM999991	C
ref_AP011108	C
ref_JF754626	D
ref_JN642130	D
ref_JF754607	D
ref_AB109479	D
ref_EU594399	D
ref_EU594400	D
ref_AB554024	D
ref_AY233296	D
ref_AY902777	D
ref_V01460	D
ref_FJ692532	D
ref_FJ904443	D
ref_GQ922003	D
ref_FJ904410	D
ref_FJ904416	D
ref_FJ904439	D
ref_FJ904406	D
ref_FJ904440	D
ref_AB194947	E
ref_AB201289	E
ref_AB205191	E
ref_HM363593	E
ref_FJ589067	F
ref_HQ378247	F
ref_JN811655	F
ref_X69798	F
ref_AB625342	G
ref_AF160501	G
ref_JQ707680	G
ref_KF414679	G
ref_KF767450	G
ref_KX264500	G
ref_AB179747	H
ref_AB205010	H
ref_AB266536	H
ref_AB275308	H
ref_AB516393	H
ref_AB818694	H
ref_AB846650	H
ref_AY090454	H
ref_EF157291	H
ref_EU498228	H
ref_HM066946	H
ref_HM117850	H
ref_KP148502	I
ref_KP148510	I
ref_KY470857	I
ref_KY470859	I
ref_AB056513	G
ref_KY470993	I
ref_AB073835	B
ref_AB287314	B
ref_AB486012	J
ref_AB554015	C
ref_AB562463	I
ref_AM184126	A
ref_AP011085	B
ref_AP011098	C
ref_AP011099	C
ref_AP011107	C
ref_DQ089781	C
ref_DQ089802	C
ref_DQ899143	D
ref_EU594385	D
ref_EU670263	C
ref_FJ356715	H
ref_FJ904435	D
ref_GQ161817	E
ref_GQ205389	I
ref_GQ331046	A
ref_HM585194	F
ref_KC875277	D
ref_KF873526	C
ref_KJ843175	D
ref_AB222711	D
ref_D23679	B
ref_FJ023669	C
ref_NC_003977	D
ref_X02763	A
ref_GU815637	B
ref_JQ801514	B
ref_GQ377617	C
ref_FJ692507	D
ref_FJ692533	D
ref_FJ692557	A
ref_FJ692601	A
ref_KP168423	A
ref_KM606737	A
ref_KJ173333	C
ref_KC774298	C
ref_MH051986	F
ref_KC774182	C
ref_MF925358	D